{"IcoMoonType":"selection","icons":[{"icon":{"paths":["M741.714 755.429c0 14.286-5.714 28.571-16 38.857l-77.714 77.714c-10.286 10.286-24.571 16-38.857 16s-28.571-5.714-38.857-16l-168-168-168 168c-10.286 10.286-24.571 16-38.857 16s-28.571-5.714-38.857-16l-77.714-77.714c-10.286-10.286-16-24.571-16-38.857s5.714-28.571 16-38.857l168-168-168-168c-10.286-10.286-16-24.571-16-38.857s5.714-28.571 16-38.857l77.714-77.714c10.286-10.286 24.571-16 38.857-16s28.571 5.714 38.857 16l168 168 168-168c10.286-10.286 24.571-16 38.857-16s28.571 5.714 38.857 16l77.714 77.714c10.286 10.286 16 24.571 16 38.857s-5.714 28.571-16 38.857l-168 168 168 168c10.286 10.286 16 24.571 16 38.857z"],"width":804.5714285714286,"attrs":[],"isMulticolor":false,"isMulticolor2":false,"tags":["close","remove","times"],"defaultCode":61453,"grid":14},"attrs":[],"properties":{"name":"close, remove, times","id":17,"order":19,"prevSize":28,"code":61453},"setIdx":1,"setId":9,"iconIdx":17},{"icon":{"paths":["M961.714 760.571l-94.857 94.286c-14.286 14.286-37.143 14.286-51.429 0l-303.429-303.429-303.429 303.429c-14.286 14.286-37.143 14.286-51.429 0l-94.857-94.286c-14.286-14.286-14.286-37.714 0-52l424-423.429c14.286-14.286 37.143-14.286 51.429 0l424 423.429c14.286 14.286 14.286 37.714 0 52z"],"width":1024,"attrs":[],"isMulticolor":false,"isMulticolor2":false,"tags":["chevron-up"],"defaultCode":61559,"grid":14},"attrs":[],"properties":{"name":"chevron-up","id":113,"order":25,"prevSize":28,"code":61559},"setIdx":1,"setId":9,"iconIdx":113},{"icon":{"paths":["M135.429 808h132v-396.571h-132v396.571zM276 289.143c-0.571-38.857-28.571-68.571-73.714-68.571s-74.857 29.714-74.857 68.571c0 37.714 28.571 68.571 73.143 68.571h0.571c46.286 0 74.857-30.857 74.857-68.571zM610.286 808h132v-227.429c0-121.714-65.143-178.286-152-178.286-70.857 0-102.286 39.429-119.429 66.857h1.143v-57.714h-132s1.714 37.143 0 396.571v0h132v-221.714c0-11.429 0.571-23.429 4-32 9.714-23.429 31.429-48 68-48 47.429 0 66.286 36 66.286 89.714v212zM877.714 237.714v548.571c0 90.857-73.714 164.571-164.571 164.571h-548.571c-90.857 0-164.571-73.714-164.571-164.571v-548.571c0-90.857 73.714-164.571 164.571-164.571h548.571c90.857 0 164.571 73.714 164.571 164.571z"],"width":877.7142857142857,"attrs":[],"isMulticolor":false,"isMulticolor2":false,"tags":["linkedin-square"],"defaultCode":61580,"grid":14},"attrs":[],"properties":{"name":"linkedin-square","id":133,"order":33,"prevSize":28,"code":61580},"setIdx":1,"setId":9,"iconIdx":133},{"icon":{"paths":["M296.571 685.714v0c1.143-1.714 0.571-5.143-1.714-7.429-2.857-2.286-6.286-2.857-8-1.143-1.143 1.714-0.571 5.143 1.714 7.429 2.857 2.286 6.286 2.857 8 1.143zM280.571 662.286c-1.714-2.286-4.571-3.429-6.857-2.286-1.714 1.143-1.714 4.571 0 6.857 2.286 2.857 5.143 4 6.857 2.857v0c1.714-1.143 1.714-4.571 0-7.429zM257.143 639.429v0c0.571-1.143-0.571-3.429-2.857-4.571-1.714-0.571-4-0.571-4.571 1.143-1.143 1.714 0 3.429 2.286 4.571 2.286 0.571 4.571 0.571 5.143-1.143zM269.143 652.571v0c1.143-1.143 1.143-4-1.143-5.714-1.714-2.286-4.571-2.857-5.714-1.714-1.714 1.714-1.143 4 0.571 6.286 1.714 1.714 4.571 2.857 6.286 1.143zM318.286 695.429v0c0.571-2.286-1.714-5.143-5.143-6.286s-6.286 0-7.429 2.286c-0.571 2.286 1.714 5.143 5.143 6.286s6.286 0 7.429-2.286zM342.286 697.143v0c0-2.286-2.857-4.571-6.857-4.571-3.429 0-5.714 2.286-5.714 4.571s2.857 4.571 6.286 4.571 6.286-2.286 6.286-4.571zM364.571 693.143v0c-0.571-2.286-4-3.429-7.429-2.857s-5.714 2.857-5.143 5.143 3.429 4 6.857 3.429 5.714-3.429 5.714-5.714zM731.429 512c0-161.714-130.857-292.571-292.571-292.571s-292.571 130.857-292.571 292.571c0 129.143 84 238.857 200 277.714 14.857 2.857 20-6.286 20-14.286 0-6.857 0-29.714-0.571-54.286 0 0-81.143 17.714-98.286-34.857 0 0-13.143-33.714-32.571-42.286 0 0-26.286-18.286 2.286-18.286 0 0 28.571 2.286 44.571 30.286 25.714 45.143 68.571 32 85.143 24.571 2.857-18.857 10.286-32 18.857-39.429-65.143-7.429-133.714-32.571-133.714-144.571 0-32 11.429-57.714 30.286-78.286-2.857-7.429-13.143-37.143 2.857-77.714 24.571-7.429 80.571 30.286 80.571 30.286 23.429-6.857 48-9.714 73.143-9.714s49.714 2.857 73.143 9.714c0 0 56-37.714 80.571-30.286 16 40.571 5.714 70.286 2.857 77.714 18.857 20.571 30.286 46.286 30.286 78.286 0 112.571-68.571 137.143-133.714 144.571 10.286 9.143 20 26.857 20 54.286 0 38.857-0.571 70.286-0.571 80 0 8 5.143 17.143 20 14.286 116-38.857 200-148.571 200-277.714zM877.714 237.714v548.571c0 90.857-73.714 164.571-164.571 164.571h-548.571c-90.857 0-164.571-73.714-164.571-164.571v-548.571c0-90.857 73.714-164.571 164.571-164.571h548.571c90.857 0 164.571 73.714 164.571 164.571z"],"width":877.7142857142857,"attrs":[],"isMulticolor":false,"isMulticolor2":false,"tags":["github-square"],"defaultCode":61586,"grid":14},"attrs":[],"properties":{"name":"github-square","id":138,"order":32,"prevSize":28,"code":61586},"setIdx":1,"setId":9,"iconIdx":138},{"icon":{"paths":["M925.714 233.143c-25.143 36.571-56.571 69.143-92.571 95.429 0.571 8 0.571 16 0.571 24 0 244-185.714 525.143-525.143 525.143-104.571 0-201.714-30.286-283.429-82.857 14.857 1.714 29.143 2.286 44.571 2.286 86.286 0 165.714-29.143 229.143-78.857-81.143-1.714-149.143-54.857-172.571-128 11.429 1.714 22.857 2.857 34.857 2.857 16.571 0 33.143-2.286 48.571-6.286-84.571-17.143-148-91.429-148-181.143v-2.286c24.571 13.714 53.143 22.286 83.429 23.429-49.714-33.143-82.286-89.714-82.286-153.714 0-34.286 9.143-65.714 25.143-93.143 90.857 112 227.429 185.143 380.571 193.143-2.857-13.714-4.571-28-4.571-42.286 0-101.714 82.286-184.571 184.571-184.571 53.143 0 101.143 22.286 134.857 58.286 41.714-8 81.714-23.429 117.143-44.571-13.714 42.857-42.857 78.857-81.143 101.714 37.143-4 73.143-14.286 106.286-28.571z"],"width":950.8571428571428,"attrs":[],"isMulticolor":false,"isMulticolor2":false,"tags":["twitter"],"defaultCode":61593,"grid":14},"attrs":[],"properties":{"name":"twitter","id":145,"order":22,"prevSize":28,"code":61593},"setIdx":1,"setId":9,"iconIdx":145},{"icon":{"paths":["M438.857 73.143c242.286 0 438.857 196.571 438.857 438.857 0 193.714-125.714 358.286-300 416.571-22.286 4-30.286-9.714-30.286-21.143 0-14.286 0.571-61.714 0.571-120.571 0-41.143-13.714-67.429-29.714-81.143 97.714-10.857 200.571-48 200.571-216.571 0-48-17.143-86.857-45.143-117.714 4.571-11.429 19.429-56-4.571-116.571-36.571-11.429-120.571 45.143-120.571 45.143-34.857-9.714-72.571-14.857-109.714-14.857s-74.857 5.143-109.714 14.857c0 0-84-56.571-120.571-45.143-24 60.571-9.143 105.143-4.571 116.571-28 30.857-45.143 69.714-45.143 117.714 0 168 102.286 205.714 200 216.571-12.571 11.429-24 30.857-28 58.857-25.143 11.429-89.143 30.857-127.429-36.571-24-41.714-67.429-45.143-67.429-45.143-42.857-0.571-2.857 26.857-2.857 26.857 28.571 13.143 48.571 64 48.571 64 25.714 78.286 148 52 148 52 0 36.571 0.571 70.857 0.571 81.714 0 11.429-8 25.143-30.286 21.143-174.286-58.286-300-222.857-300-416.571 0-242.286 196.571-438.857 438.857-438.857zM166.286 703.429c1.143-2.286-0.571-5.143-4-6.857-3.429-1.143-6.286-0.571-7.429 1.143-1.143 2.286 0.571 5.143 4 6.857 2.857 1.714 6.286 1.143 7.429-1.143zM184 722.857c2.286-1.714 1.714-5.714-1.143-9.143-2.857-2.857-6.857-4-9.143-1.714-2.286 1.714-1.714 5.714 1.143 9.143 2.857 2.857 6.857 4 9.143 1.714zM201.143 748.571c2.857-2.286 2.857-6.857 0-10.857-2.286-4-6.857-5.714-9.714-3.429-2.857 1.714-2.857 6.286 0 10.286s7.429 5.714 9.714 4zM225.143 772.571c2.286-2.286 1.143-7.429-2.286-10.857-4-4-9.143-4.571-11.429-1.714-2.857 2.286-1.714 7.429 2.286 10.857 4 4 9.143 4.571 11.429 1.714zM257.714 786.857c1.143-3.429-2.286-7.429-7.429-9.143-4.571-1.143-9.714 0.571-10.857 4s2.286 7.429 7.429 8.571c4.571 1.714 9.714 0 10.857-3.429zM293.714 789.714c0-4-4.571-6.857-9.714-6.286-5.143 0-9.143 2.857-9.143 6.286 0 4 4 6.857 9.714 6.286 5.143 0 9.143-2.857 9.143-6.286zM326.857 784c-0.571-3.429-5.143-5.714-10.286-5.143-5.143 1.143-8.571 4.571-8 8.571 0.571 3.429 5.143 5.714 10.286 4.571s8.571-4.571 8-8z"],"width":877.7142857142857,"attrs":[],"isMulticolor":false,"isMulticolor2":false,"tags":["github"],"defaultCode":61595,